date,ticker,close_price,log_return,volume_24h,market_cap_usd,btc_dominance,eth_gas_price_gwei,hash_rate_th_s,exchange_inflow_proxy,exchange_outflow_proxy,fear_greed_index,stablecoin_supply_ratio,funding_rate,open_interest_usd,liquidations_24h_usd,rsi_14,macd_histogram,bollinger_width,mvrv_z_score,nvt_ratio,prophet_forecast,lsd_divergence_score,candlestick_pattern,candlestick_sentiment
2026-04-26,ADAUSDT,0.2522,,60764129,15324713.560779998,,,,,,,,,,,,,,,,,,,
2026-04-27,ADAUSDT,0.2482,-0.015987550760312292,106081991,26329550.24066,,,,,,,,,,,,,,,,,,,
2026-04-28,ADAUSDT,0.2468,-0.0056565807392741085,60552564,14944372.94328,,,,,,,,,,,,,,,,,,,
2026-04-29,ADAUSDT,0.2446,-0.008954068778160646,157720772,38578500.9535,,,,,,,,,,,,,,,,,,,
2026-04-30,ADAUSDT,0.2463,0.00692608187342026,67383109,16596459.869849999,,,,,,,,,,,18.279569892472992,,0.046291232332333704,,,,,,
2026-05-01,ADAUSDT,0.2482,0.007684567644014722,73825160,18323404.78646,,,,,,,,,,,32.142857142857196,,0.04156421239486899,,,,,,
2026-05-02,ADAUSDT,0.2501,0.007625965113066564,45671904,11422543.290439999,,,,,,,,,,,41.98473282442749,,0.04057963158336181,,,,,,
2026-05-03,ADAUSDT,0.2495,-0.0024019226919999694,58596127,14619733.7364,,,,,,,,,,,40.145985401459875,,0.038431505149980685,,,,,,
2026-05-04,ADAUSDT,0.2499,0.0016019226493334323,131302889,32812592.03607,,,,,,,,,,,41.843971631205754,,0.03701427243846478,,,,,,
2026-05-05,ADAUSDT,0.262,0.04728366592019008,156164574,40915118.6238,,,,,,,,,,,68.70229007633597,,0.07702243883550888,,,,,,
2026-05-06,ADAUSDT,0.267,0.018904154639152654,173010919,46193915.373,,,,,,,,,,,73.71794871794881,,0.11000113194933704,,,,,,
2026-05-07,ADAUSDT,0.2627,-0.016235961708755433,108901846,28608515.180630002,,,,,,,,,,,64.7887323943662,0.00036190876711113436,0.11669852084517805,,,,,,
2026-05-08,ADAUSDT,0.2734,0.03992322759835493,97412467,26632568.477799997,,,,,,,,,,,72.94372294372296,0.0007625475002588189,0.14432653054201977,,,,,,
2026-05-09,ADAUSDT,0.2708,-0.009555383251729235,59998404,16247567.83028,,,,,,,,,,,69.05737704918035,0.0008220225797248015,0.1550881851235493,,,,,,
2026-05-10,ADAUSDT,0.2824,0.04194396458096719,140362484,39638365.70752,,,,,,,,,,,75.00000000000003,0.0012968592882482786,0.18450518653339446,,,,,,
2026-05-11,ADAUSDT,0.2804,-0.007107350458651945,96921131,27176685.18848,,,,,,,,,,,77.56849315068492,0.0013830656303667112,0.19913681122650578,,,,,,
2026-05-12,ADAUSDT,0.2711,-0.03372939865581504,96913526,26273257.14259,,,,,,,,,,,68.32579185520365,0.000892100577890549,0.198043312158562,,,,,,
2026-05-13,ADAUSDT,0.2648,-0.023512932441766766,110717180,29317909.264,,,,,,,,,,,64.34659090909088,0.00021672430863182383,0.1929918637512108,,,,,,
2026-05-14,ADAUSDT,0.2656,0.0030165935394257273,3498740,929265.5299200001,,,,,,,,,,,63.884892086330936,-0.00019105959753095304,0.18857001763328007,,,,,,
2026-05-15,ADAUSDT,0.2609,-0.01785422545959598,639172068,166759992.5412,,,,,,,,,,,58.782849239280786,-0.0006980657351640909,0.18354116759999553,,,,,,
2026-05-16,ADAUSDT,0.2555,-0.02091478249892366,450215994,115030186.46700001,,,,,,,,,,,53.56200527704486,-0.0012789629362955869,0.18205763016539928,,,,,,
2026-05-05,ALGOUSDT,0.1199,-0.7565643476102906,295118275,35384681.20847,,,,,,,,,,,,,,,,,,,
2026-05-06,ALGOUSDT,0.1199,0.0,279994704,33571365.09353,,,,,,,,,,,,,,,,,,,
2026-05-07,ALGOUSDT,0.1286,0.07004874977005027,391378696,50331300.408479996,,,,,,,,,,,,,,,,,,,
2026-05-08,ALGOUSDT,0.1334,0.03664532167800435,305895827,40806503.375159994,,,,,,,,,,,,,,,,,,,
2026-05-09,ALGOUSDT,0.1285,-0.037423229146248786,172179335,22125044.5989,,,,,,,,,,,73.36956521739133,,0.18917325183879918,,,,,,
2026-05-10,ALGOUSDT,0.1289,0.0031080056098669825,194936521,25127317.647129998,,,,,,,,,,,73.93617021276596,,0.17250737492950666,,,,,,
2026-05-11,ALGOUSDT,0.1242,-0.037143740445763136,73902506,9178691.25762,,,,,,,,,,,59.148936170212785,,0.16034819034950265,,,,,,
2026-05-12,ALGOUSDT,0.1222,-0.0162341227618834,318806103,38958105.7866,,,,,,,,,,,54.50980392156863,,0.15569005407363756,,,,,,
2026-05-13,ALGOUSDT,0.1171,-0.042630776133823316,179213418,20985891.34148,,,,,,,,,,,45.42483660130716,,0.17316225085843104,,,,,,
2026-05-14,ALGOUSDT,0.1197,0.021960341960255834,170013204,20350580.60259,,,,,,,,,,,49.69879518072288,,0.17177906986999592,,,,,,
2026-05-15,ALGOUSDT,0.1124,-0.06292467510433682,195700977,21996789.85976,,,,,,,,,,,40.740740740740726,,0.2011604122723487,,,,,,
2026-05-16,ALGOUSDT,0.1103,-0.018860011200133992,101460055,11191044.16577,,,,,,,,,,,38.732394366197155,-0.00040675094825873433,0.22855360687970078,,,,,,
2026-05-05,APTUSDT,0.9906,2.1951068938946805,51515578,51031332.0621,,,,,,,,,,,,,,,,,,,
2026-05-06,APTUSDT,1.022,0.031205950609512402,63779515,65182664.5344,,,,,,,,,,,,,,,,,,,
2026-05-07,APTUSDT,1.0267,0.00458828354126924,43561058,44724138.453940004,,,,,,,,,,,,,,,,,,,
2026-05-08,APTUSDT,1.1294,0.0953367429338173,60764356,68627264.45698,,,,,,,,,,,,,,,,,,,
2026-05-09,APTUSDT,1.1029,-0.02374344392663508,33092219,36497408.99684,,,,,,,,,,,83.9685420447671,,0.22336386425852198,,,,,,
2026-05-10,APTUSDT,1.1531,0.04451089346496924,103276106,119087677.94390999,,,,,,,,,,,87.70301624129931,,0.24776772422132845,,,,,,
2026-05-11,APTUSDT,1.1232,-0.026272213505523914,16720328,18780273.42048,,,,,,,,,,,77.01711491442542,,0.2363275001980743,,,,,,
2026-05-12,APTUSDT,1.0811,-0.03820271297282099,39927753,43165893.7683,,,,,,,,,,,65.7391304347826,,0.21875646724459386,,,,,,
2026-05-13,APTUSDT,1.0383,-0.040394280989317376,37333783,38763667.200389996,,,,,,,,,,,57.22070844686648,,0.2114903856014125,,,,,,
2026-05-14,APTUSDT,1.0616,0.02219244370858952,28251167,29991439.31184,,,,,,,,,,,60.039592760181,,0.20017528339871854,,,,,,
2026-05-15,APTUSDT,0.9868,-0.07306509836279615,40043225,39514654.824719995,,,,,,,,,,,49.55648926237161,,0.21470569644807597,,,,,,
2026-05-16,APTUSDT,0.9504,-0.037584436046821136,21242244,20188628.6976,,,,,,,,,,,45.67555938037866,-0.00464677283742012,0.24167118628680279,,,,,,
2026-05-05,ARBUSDT,0.1197,-2.071894336044453,223456004,26747683.76259,,,,,,,,,,,,,,,,,,,
2026-05-06,ARBUSDT,0.128,0.06704165135568965,396490926,50750838.592,,,,,,,,,,,,,,,,,,,
2026-05-07,ARBUSDT,0.1266,-0.010997754209541398,430127158,54454098.2661,,,,,,,,,,,,,,,,,,,
2026-05-08,ARBUSDT,0.1425,0.11830948999862942,727037813,103602888.48075,,,,,,,,,,,,,,,,,,,
2026-05-09,ARBUSDT,0.1423,-0.0014044946128983357,474144713,67470792.77374001,,,,,,,,,,,93.79844961240313,,0.3081967366005866,,,,,,
2026-05-10,ARBUSDT,0.1439,0.0111811087975153,346692505,49889051.58462,,,,,,,,,,,94.16058394160586,,0.30894145342582197,,,,,,
2026-05-11,ARBUSDT,0.1416,-0.016112432633702708,52824819,7479994.45536,,,,,,,,,,,86.86868686868691,,0.29292738824615316,,,,,,
2026-05-12,ARBUSDT,0.1362,-0.03888178754420752,233882668,31854819.476939995,,,,,,,,,,,73.5042735042735,,0.2712020808142134,,,,,,
2026-05-13,ARBUSDT,0.1316,-0.03435737482419509,255329756,33601395.92908,,,,,,,,,,,64.98740554156171,,0.25676629267681234,,,,,,
2026-05-14,ARBUSDT,0.1326,0.007570058860545294,235548209,31233692.59296,,,,,,,,,,,65.84766584766584,,0.24327307210455948,,,,,,
2026-05-15,ARBUSDT,0.1245,-0.06303136184699984,256872420,31980616.32735,,,,,,,,,,,54.91803278688525,,0.2492815574981266,,,,,,
2026-05-16,ARBUSDT,0.1199,-0.037647653871293735,167407540,20072164.10595,,,,,,,,,,,50.18726591760299,-0.0005811497132876297,0.2677979126742916,,,,,,
2026-05-05,ATOMUSDT,1.881,2.752900767267562,10666191,20063106.49365,,,,,,,,,,,,,,,,,,,
2026-05-06,ATOMUSDT,1.9,0.010050335853501286,14774514,28071578.404999997,,,,,,,,,,,,,,,,,,,
2026-05-07,ATOMUSDT,1.884,-0.008456710018223509,9079619,17106003.345239997,,,,,,,,,,,,,,,,,,,
2026-05-08,ATOMUSDT,1.949,0.0339192443712526,11634033,22674730.882209998,,,,,,,,,,,,,,,,,,,
2026-05-09,ATOMUSDT,1.936,-0.006692431671038519,7535435,14588602.56656,,,,,,,,,,,74.33628318584064,,0.06466763416395617,,,,,,
2026-05-10,ATOMUSDT,2.011,0.03800812193612977,15829121,31832362.672870003,,,,,,,,,,,84.57446808510635,,0.1030255893694704,,,,,,
2026-05-11,ATOMUSDT,2.0,-0.005484930230569781,4223839,8447679.02,,,,,,,,,,,79.89949748743712,,0.1095918079400019,,,,,,
2026-05-12,ATOMUSDT,2.104,0.050693114315518165,26579920,55924153.65776,,,,,,,,,,,86.79867986798673,,0.15676160372417566,,,,,,
2026-05-13,ATOMUSDT,2.053,-0.024538156838666992,27369417,56189413.59372,,,,,,,,,,,74.29378531073439,,0.159379059958321,,,,,,
2026-05-14,ATOMUSDT,2.046,-0.0034154705073618824,11355103,23232541.90422,,,,,,,,,,,72.85318559556778,,0.15764698323243057,,,,,,
2026-05-15,ATOMUSDT,1.931,-0.05784866408305718,10273328,19837797.83556,,,,,,,,,,,55.252100840336134,,0.15241968686778154,,,,,,
2026-05-16,ATOMUSDT,2.053,0.06126413459041898,18179468,37322449.569579996,,,,,,,,,,,64.38127090301,-0.00034095875928182896,0.15229932692243886,,,,,,
2026-04-26,AVAXUSDT,9.45,1.526712603468855,1422096,13438815.610499999,,,,,,,,,,,,,,,,,,,
2026-04-27,AVAXUSDT,9.27,-0.019231361927887533,1959769,18167063.0796,,,,,,,,,,,,,,,,,,,
2026-04-28,AVAXUSDT,9.17,-0.010846093309390212,1238580,11357786.852999998,,,,,,,,,,,,,,,,,,,
2026-04-29,AVAXUSDT,9.12,-0.005467482182133501,2244269,20467736.745599996,,,,,,,,,,,,,,,,,,,
2026-04-30,AVAXUSDT,9.09,-0.003294895896852538,1164480,10585127.8359,,,,,,,,,,,0.0,,0.06316798168573118,,,,,,
2026-05-01,AVAXUSDT,9.08,-0.0011007155761855161,1184996,10759766.6764,,,,,,,,,,,0.0,,0.06185740606039051,,,,,,
2026-05-02,AVAXUSDT,9.18,0.010953012019197145,818732,7515966.8286,,,,,,,,,,,21.27659574468082,,0.05654889905776555,,,,,,
2026-05-03,AVAXUSDT,9.08,-0.010953012019197093,1301199,11814887.283200001,,,,,,,,,,,17.54385964912278,,0.05531244292940681,,,,,,
2026-05-04,AVAXUSDT,9.18,0.010953012019197145,2651098,24337087.1676,,,,,,,,,,,29.850746268656692,,0.05174005266683173,,,,,,
2026-05-05,AVAXUSDT,9.4,0.023682484643559105,1941437,18249511.842,,,,,,,,,,,47.19101123595511,,0.057295344962404314,,,,,,
2026-05-06,AVAXUSDT,9.61,0.022094533706242862,3142945,30203703.948599998,,,,,,,,,,,57.272727272727295,,0.07594305843472943,,,,,,
2026-05-07,AVAXUSDT,9.5,-0.01151242437570592,2245294,21330293.474999998,,,,,,,,,,,52.06611570247937,0.0110850202140978,0.07922609193211146,,,,,,
2026-05-08,AVAXUSDT,9.91,0.04225254973540143,2762743,27378784.616499998,,,,,,,,,,,64.19753086419757,0.02690601980809318,0.10805157478645715,,,,,,
2026-05-09,AVAXUSDT,9.97,0.006036235631850463,1852146,18465904.0945,,,,,,,,,,,65.47619047619054,0.03633685415075764,0.1278302781851624,,,,,,
2026-05-10,AVAXUSDT,10.23,0.025743995989788226,2767352,28310011.6761,,,,,,,,,,,70.1030927835052,0.050559511205973406,0.15536292702600044,,,,,,
2026-05-11,AVAXUSDT,10.14,-0.008836581800498,1857113,18831129.5718,,,,,,,,,,,73.51351351351357,0.05126798350751974,0.16783683580232792,,,,,,
2026-05-12,AVAXUSDT,9.83,-0.031049064003961967,1849897,18184487.6083,,,,,,,,,,,66.01941747572818,0.03353711446013111,0.16646650508875446,,,,,,
2026-05-13,AVAXUSDT,9.76,-0.007146533734074088,1862467,18177679.286399998,,,,,,,,,,,65.38461538461542,0.016956573195134203,0.16356306568258425,,,,,,
2026-05-14,AVAXUSDT,9.79,0.003069056117417747,67121,657116.8416999999,,,,,,,,,,,66.82692307692307,0.00666431078622573,0.16117263341706442,,,,,,
2026-05-15,AVAXUSDT,9.511,-0.02891243304217058,13661088,129930607.968,,,,,,,,,,,59.174116645381,-0.015095839355365778,0.15687633788851024,,,,,,
2026-05-16,AVAXUSDT,9.318,-0.020501010105643345,8970806,83589970.308,,,,,,,,,,,52.82555282555283,-0.038457335294331915,0.15797122741802228,,,,,,
2026-04-26,BNBUSDT,635.76,4.222873120237319,54446,34614805.1184,,,,,,,,,,,,,,,,,,,
2026-04-27,BNBUSDT,626.83,-0.014145762138426728,103945,65156150.24304,,,,,,,,,,,,,,,,,,,
2026-04-28,BNBUSDT,624.55,-0.0036439810815789937,62347,38939282.2661,,,,,,,,,,,,,,,,,,,
2026-04-29,BNBUSDT,617.39,-0.011530475430003904,101813,62858434.261080004,,,,,,,,,,,,,,,,,,,
2026-04-30,BNBUSDT,615.38,-0.0032609518096032293,78612,48376526.4041,,,,,,,,,,,0.0,,0.05213820051517749,,,,,,
2026-05-01,BNBUSDT,615.34,-6.500260012681083e-05,88053,54182988.37160001,,,,,,,,,,,0.0,,0.05194869235482264,,,,,,
2026-05-02,BNBUSDT,618.03,0.00436203939662,51973,32121487.51182,,,,,,,,,,,11.639982691475339,,0.04872217994827421,,,,,,
2026-05-03,BNBUSDT,617.27,-0.0012304704863438484,72850,44968199.7451,,,,,,,,,,,11.269375785504636,,0.04636209327503821,,,,,,
2026-05-04,BNBUSDT,622.63,0.008645912394703284,206649,128665867.49262999,,,,,,,,,,,27.540198426274316,,0.04344877276007515,,,,,,
2026-05-05,BNBUSDT,630.42,0.012433822051575163,147021,92685480.0039,,,,,,,,,,,42.78768233387351,,0.04477181196970085,,,,,,
2026-05-06,BNBUSDT,647.74,0.027103117339507387,241695,156555685.12144,,,,,,,,,,,61.02318733897685,,0.06474470341124156,,,,,,
2026-05-07,BNBUSDT,637.02,-0.016688329014709638,144173,91841599.80918,,,,,,,,,,,50.968336919766365,0.593094047304759,0.06571110353717806,,,,,,
2026-05-08,BNBUSDT,649.36,0.019186210199383685,107752,69970277.68736,,,,,,,,,,,58.78552971576229,1.0321008077209632,0.07540125864947622,,,,,,
2026-05-09,BNBUSDT,649.75,0.0006004110686794479,98352,63904791.57700001,,,,,,,,,,,58.99215837511248,1.2249674962886528,0.08154109502981043,,,,,,
2026-05-10,BNBUSDT,663.55,0.021016535361658564,119277,79146397.34035,,,,,,,,,,,65.17087018233431,1.8490777993597223,0.09645548328645503,,,,,,
2026-05-11,BNBUSDT,670.6,0.010568625148869991,183665,123165913.297,,,,,,,,,,,74.39527365956971,2.3993244615053637,0.1115386087101258,,,,,,
2026-05-12,BNBUSDT,664.95,-0.00846098417295589,161617,107467283.33055001,,,,,,,,,,,71.70176192522567,2.2892536213659778,0.11768113408794623,,,,,,
2026-05-13,BNBUSDT,671.68,0.01007018677309586,226062,151841840.01024,,,,,,,,,,,79.29843497031843,2.3848961984581507,0.12564030031296494,,,,,,
2026-05-14,BNBUSDT,674.46,0.00413033406949266,11179,7540217.296560001,,,,,,,,,,,81.62063797901952,2.402016058862155,0.13267573017986634,,,,,,
2026-05-15,BNBUSDT,672.34,-0.0031482057484085407,743279,499736478.51940006,,,,,,,,,,,79.84293193717278,2.118677754081874,0.1366554510882015,,,,,,
2026-05-16,BNBUSDT,657.48,-0.022349819615027505,560274,368369593.8504,,,,,,,,,,,68.31986625801059,0.99922992702274,0.1379831868240431,,,,,,
2026-04-26,BTCUSDT,78657.55,4.784444553455059,7963,626394246.303231,,,,,,,,,,,,,,,,,,,
2026-04-27,BTCUSDT,77371.32,-0.01648745051910991,16046,1241571705.7465177,,,,,,,,,,,,,,,,,,,
2026-04-28,BTCUSDT,76342.77,-0.013382837592731378,13210,1008543250.8872092,,,,,,,,,,,,,,,,,,,
2026-04-29,BTCUSDT,75780.0,-0.00739892610895058,18279,1385253112.0716,,,,,,,,,,,,,,,,,,,
2026-04-30,BTCUSDT,76346.57,0.007448700376110247,10381,792616047.31538,,,,,,,,,,,16.450355969013998,,0.05920624760352806,,,,,,
2026-05-01,BTCUSDT,78231.13,0.024384544212578043,17315,1354608394.9900727,,,,,,,,,,,45.99882147173411,,0.05985858609030811,,,,,,
2026-05-02,BTCUSDT,78686.85,0.005808401067078971,6150,483993090.229077,,,,,,,,,,,50.25326740889291,,0.062488308061359875,,,,,,
2026-05-03,BTCUSDT,78568.57,-0.0015043045550349114,7425,583433929.2691531,,,,,,,,,,,49.246274573583555,,0.061904552766959824,,,,,,
2026-05-04,BTCUSDT,79861.01,0.016316001996395605,26042,2079817196.8019636,,,,,,,,,,,58.36302938658419,,0.07051309821325752,,,,,,
2026-05-05,BTCUSDT,80905.52,0.01299430543480134,16947,1371120406.3883243,,,,,,,,,,,63.64120719012868,,0.08354696356157824,,,,,,
2026-05-06,BTCUSDT,81447.01,0.006670570614040161,18798,1531103930.7078593,,,,,,,,,,,65.88328140373889,,0.09447140303601502,,,,,,
2026-05-07,BTCUSDT,80006.0,-0.01785099287490194,16154,1292481199.22028,,,,,,,,,,,56.59573885286138,25.60561596418995,0.09303862950498708,,,,,,
2026-05-08,BTCUSDT,80193.17,0.002336717289686288,16001,1283195780.2700853,,,,,,,,,,,57.37619244329588,17.781549975266444,0.09202112329724532,,,,,,
2026-05-09,BTCUSDT,80678.4,0.006032532305335769,7548,608994590.9287679,,,,,,,,,,,59.27460845029568,29.0939233085943,0.0924564098841032,,,,,,
2026-05-10,BTCUSDT,82210.07,0.01880691918505757,12034,989342192.5945175,,,,,,,,,,,64.29447457790798,96.330062208171,0.09944211617215232,,,,,,
2026-05-11,BTCUSDT,81745.65,-0.005665203289169573,12951,1058750085.621564,,,,,,,,,,,68.84773779578238,104.19094748350682,0.10185927491841161,,,,,,
2026-05-12,BTCUSDT,80504.47,-0.015299886519223746,12386,997149035.7477173,,,,,,,,,,,67.6089234003158,40.24892124788187,0.09983437415255368,,,,,,
2026-05-13,BTCUSDT,79313.61,-0.01490297018466756,14810,1174639039.7670124,,,,,,,,,,,64.19678090430699,-62.02932110106519,0.09685199211268908,,,,,,
2026-05-14,BTCUSDT,79586.07,0.0034293368875096754,540,42992476.1917914,,,,,,,,,,,63.330178586124596,-110.61173493075336,0.09417477062723263,,,,,,
2026-04-26,DOGEUSDT,0.09922,-13.595010028627422,571675655,56721658.4891,,,,,,,,,,,,,,,,,,,
2026-04-27,DOGEUSDT,0.09895,-0.0027249348243281175,877426665,86821368.50174999,,,,,,,,,,,,,,,,,,,
2026-04-28,DOGEUSDT,0.09935,0.004034296949251128,1086723968,107966026.2208,,,,,,,,,,,,,,,,,,,
2026-04-29,DOGEUSDT,0.10408,0.04651086520642404,2813781661,292858395.27688,,,,,,,,,,,,,,,,,,,
2026-04-30,DOGEUSDT,0.1065,0.022985150945229803,1455486372,155009298.618,,,,,,,,,,,96.54731457800504,,0.13622409112502784,,,,,,
2026-05-01,DOGEUSDT,0.10853,0.01888164730844387,1132037099,122859986.35447,,,,,,,,,,,97.2588832487309,,0.16300320559242293,,,,,,
2026-05-02,DOGEUSDT,0.10851,-0.00018429782580739224,560055038,60771572.173379995,,,,,,,,,,,97.06180344478204,,0.16972429439011366,,,,,,
2026-05-03,DOGEUSDT,0.1083,-0.001937180625171376,438082060,47444287.098,,,,,,,,,,,95.0396825396824,,0.1688146685013618,,,,,,
2026-05-04,DOGEUSDT,0.1101,0.016483889721689415,1439454344,158483923.2744,,,,,,,,,,,95.79124579124569,,0.1740485223465064,,,,,,
2026-05-05,DOGEUSDT,0.11484,0.04215081152422879,926194501,106364176.49484,,,,,,,,,,,96.99157641395901,,0.20176815128422482,,,,,,
2026-05-06,DOGEUSDT,0.11245,-0.02103117684753859,1240583624,139503628.5188,,,,,,,,,,,84.7974750131509,,0.20454739110701933,,,,,,
2026-05-07,DOGEUSDT,0.10783,-0.04195276551134373,1201358248,129542459.88183999,,,,,,,,,,,68.21836648328393,-0.00010167755015377138,0.19539835339720266,,,,,,
2026-05-08,DOGEUSDT,0.10952,0.015551268086212591,948389168,103867581.67936,,,,,,,,,,,70.33965244865716,-0.00011588004051831077,0.18920454756818186,,,,,,
2026-05-09,DOGEUSDT,0.10874,-0.007147469262418873,508440229,55287790.50146,,,,,,,,,,,68.23754789272027,-0.00016061368568846368,0.1825955147821668,,,,,,
2026-05-10,DOGEUSDT,0.11246,0.03363789114628105,984615271,110729833.37666,,,,,,,,,,,72.19986586183767,-2.6025458846336627e-05,0.1832700369271963,,,,,,
2026-05-11,DOGEUSDT,0.11132,-0.0101886662063656,1032275387,114912896.08084,,,,,,,,,,,70.15314434669271,-9.416822580022481e-06,0.18056842736523193,,,,,,
2026-05-12,DOGEUSDT,0.11015,-0.01056586340933793,802321163,88375676.10445,,,,,,,,,,,67.16465352828988,-6.367904055638743e-05,0.1761572192148465,,,,,,
2026-05-13,DOGEUSDT,0.11269,0.022797612715905774,1489300612,167829285.96627998,,,,,,,,,,,64.70789203963099,2.1758499168623296e-05,0.1759455750663325,,,,,,
2026-05-14,DOGEUSDT,0.11455,0.01637072293524657,175431901,20095724.25955,,,,,,,,,,,64.01950539881574,0.000154841388431479,0.1793145161008234,,,,,,
2026-05-15,DOGEUSDT,0.11289,-0.014597515626048892,6867556986,775278508.1495401,,,,,,,,,,,57.692307692307686,0.00013234830288549036,0.1781879798627763,,,,,,
2026-05-16,DOGEUSDT,0.10976,-0.028117729295880606,4179656580,458759106.2208,,,,,,,,,,,51.987281399046104,-6.109367270810202e-05,0.15809988406298242,,,,,,
2026-04-26,DOTUSDT,1.26,2.4405708359679488,3157052,3977886.3264,,,,,,,,,,,,,,,,,,,
2026-04-27,DOTUSDT,1.233,-0.021661496781179304,5056416,6234561.063630001,,,,,,,,,,,,,,,,,,,
2026-04-28,DOTUSDT,1.229,-0.00324939359830951,2951297,3627144.02529,,,,,,,,,,,,,,,,,,,
2026-04-29,DOTUSDT,1.211,-0.01475436601294262,5983034,7245454.6220700005,,,,,,,,,,,,,,,,,,,
2026-04-30,DOTUSDT,1.204,-0.005797117684325958,3118654,3754860.4514399995,,,,,,,,,,,0.0,,0.07127283973676934,,,,,,
2026-05-01,DOTUSDT,1.204,0.0,5432647,6540908.08364,,,,,,,,,,,0.0,,0.07117039431099717,,,,,,
2026-05-02,DOTUSDT,1.227,0.018922818842145184,3293914,4041632.9442600003,,,,,,,,,,,29.113924050633017,,0.06508657623655663,,,,,,
2026-05-03,DOTUSDT,1.209,-0.01477859409611872,2901036,3507353.6121,,,,,,,,,,,23.711340206185653,,0.06279745150242373,,,,,,
2026-05-04,DOTUSDT,1.228,0.015593258092294917,7455752,9155663.836679999,,,,,,,,,,,36.206896551724135,,0.059058749280532716,,,,,,
2026-05-05,DOTUSDT,1.279,0.04069169287175483,6134359,7845846.248149999,,,,,,,,,,,55.688622754490986,,0.0801480173267247,,,,,,
2026-05-06,DOTUSDT,1.319,0.03079535113847194,7727592,10192693.861189999,,,,,,,,,,,64.25120772946858,,0.11624051917370916,,,,,,
2026-05-07,DOTUSDT,1.311,-0.006083668953614753,6201270,8129865.376409999,,,,,,,,,,,61.860465116279045,0.0027651371426070537,0.1301337300167834,,,,,,
2026-05-08,DOTUSDT,1.374,0.04693598901859498,7832265,10761532.989360001,,,,,,,,,,,70.50359712230215,0.0054348231818866725,0.16959771890441147,,,,,,
2026-05-09,DOTUSDT,1.346,-0.020588962577621547,4172174,5615747.37502,,,,,,,,,,,64.05228758169935,0.005413098747011244,0.1803106521165819,,,,,,
2026-05-10,DOTUSDT,1.383,0.027117821460085,7477681,10341634.13685,,,,,,,,,,,67.93002915451893,0.006637899418235772,0.19977289224921388,,,,,,
2026-05-11,DOTUSDT,1.364,-0.013833493261350704,5397668,7362419.724880001,,,,,,,,,,,69.55223880597015,0.005997701805677189,0.20640072959720157,,,,,,
2026-05-12,DOTUSDT,1.335,-0.0214902675690576,4320185,5767447.46895,,,,,,,,,,,64.7222222222222,0.003792773017405101,0.20462977028041482,,,,,,
2026-05-13,DOTUSDT,1.329,-0.004504512121104541,8356018,11105149.03836,,,,,,,,,,,66.95402298850571,0.001836339424189072,0.20168590028182926,,,,,,
2026-05-14,DOTUSDT,1.336,0.005253295383345849,150958,201680.0216,,,,,,,,,,,68.9655172413793,0.0007514884249567033,0.19957422190549517,,,,,,
2026-05-15,DOTUSDT,1.307,-0.02194564047236919,47296587,61816639.209,,,,,,,,,,,63.66047745358089,-0.0015879591165782782,0.19477718362166546,,,,,,
2026-05-16,DOTUSDT,1.274,-0.025572877492113184,29924463,38123766.499,,,,,,,,,,,56.072351421188614,-0.004799721693096368,0.19401909093780323,,,,,,
2026-05-05,ETCUSDT,9.01,1.9561735144702748,3884925,35003175.4213,,,,,,,,,,,,,,,,,,,
2026-05-06,ETCUSDT,9.389,0.04120371965616385,4825198,45303784.11589,,,,,,,,,,,,,,,,,,,
2026-05-07,ETCUSDT,9.223,-0.017838427022828434,3350560,30902219.95265,,,,,,,,,,,,,,,,,,,
2026-05-08,ETCUSDT,9.774,0.058025434594381,4284057,41872381.621379994,,,,,,,,,,,,,,,,,,,
2026-05-09,ETCUSDT,9.582,-0.01983946038703253,2847817,27287789.393040005,,,,,,,,,,,72.2049689440995,,0.12708864091230407,,,,,,
2026-05-10,ETCUSDT,9.97,0.03969424551281667,3881312,38696682.0358,,,,,,,,,,,78.63961813842494,,0.1497613763419821,,,,,,
2026-05-11,ETCUSDT,9.821,-0.015057633798109824,1172908,11519135.164180001,,,,,,,,,,,72.21917808219183,,0.14572794069542117,,,,,,
2026-05-12,ETCUSDT,9.388,-0.04509067218686011,3529253,33132630.16816,,,,,,,,,,,58.37023914969001,,0.13701902008227462,,,,,,
2026-05-13,ETCUSDT,9.184,-0.021969438411566577,2625266,24110449.923839998,,,,,,,,,,,53.533712428919564,,0.13705502977925418,,,,,,
2026-05-14,ETCUSDT,9.523,0.0362470856346985,2734230,26038072.575689998,,,,,,,,,,,59.157443770082125,,0.12927510149343166,,,,,,
2026-05-15,ETCUSDT,9.212,-0.03320294325347019,3390552,31233767.327,,,,,,,,,,,53.24550128534705,,0.12784245881209452,,,,,,
2026-05-16,ETCUSDT,9.064,-0.016196458232733555,2812707,25494385.22136,,,,,,,,,,,50.82822085889571,-0.01596399032311431,0.13165070020768718,,,,,,
2026-04-26,ETHUSDT,2369.44,5.566098395563488,154591,366295572.594736,,,,,,,,,,,,,,,,,,,
2026-04-27,ETHUSDT,2303.67,-0.028150136898354685,300363,691939210.141062,,,,,,,,,,,,,,,,,,,
2026-04-28,ETHUSDT,2289.42,-0.006204993031280721,187932,430255783.34134203,,,,,,,,,,,,,,,,,,,
2026-04-29,ETHUSDT,2252.9,-0.016080235176460716,355078,799955454.86935,,,,,,,,,,,,,,,,,,,
2026-04-30,ETHUSDT,2257.51,0.002044160777080734,167194,377442753.62477607,,,,,,,,,,,3.805200165084713,,0.08187942186310698,,,,,,
2026-05-01,ETHUSDT,2295.63,0.016744879667466878,191082,438654845.73465,,,,,,,,,,,26.828655741822075,,0.07323339294579083,,,,,,
2026-05-02,ETHUSDT,2316.97,0.009252981943609871,85588,198305922.896628,,,,,,,,,,,35.47422623332032,,0.06834056648665743,,,,,,
2026-05-03,ETHUSDT,2322.65,0.002448477607068359,151074,350893034.59463,,,,,,,,,,,37.44162327553815,,0.06498639585114713,,,,,,
2026-05-04,ETHUSDT,2347.16,0.010497311483725812,453020,1063312297.4072598,,,,,,,,,,,44.71537001897528,,0.06626037497206559,,,,,,
2026-05-05,ETHUSDT,2360.77,0.005781750329178449,286636,676683395.9150239,,,,,,,,,,,48.06826790249987,,0.06911933319335055,,,,,,
2026-05-06,ETHUSDT,2350.84,-0.004215125913403319,420667,988921553.380524,,,,,,,,,,,46.03140735683197,,0.06858635937873518,,,,,,
2026-05-07,ETHUSDT,2291.06,-0.025758118530338943,469521,1075702930.816068,,,,,,,,,,,36.675506595947205,-1.2490526737119723,0.06654943465377035,,,,,,
2026-05-08,ETHUSDT,2307.06,0.006959394090411985,421035,971353372.076892,,,,,,,,,,,39.942602863407686,-1.5252073845918623,0.06379650455109813,,,,,,
2026-05-09,ETHUSDT,2326.44,0.008365215501219051,230431,536084260.89108,,,,,,,,,,,43.47496206373293,-0.8583216984080186,0.06159581651090538,,,,,,
2026-05-10,ETHUSDT,2371.27,0.019086474444596418,398122,944056799.686121,,,,,,,,,,,50.24443672695214,1.4573287518732467,0.06457600709025053,,,,,,
2026-05-11,ETHUSDT,2339.87,-0.013330304330788344,236962,554460404.100824,,,,,,,,,,,55.32415578303328,1.235572999420346,0.06308936407555184,,,,,,
2026-05-12,ETHUSDT,2274.96,-0.028132902440028626,252981,575521901.910672,,,,,,,,,,,48.14909630843274,-2.0509977514076843,0.06386522914522277,,,,,,
2026-05-13,ETHUSDT,2258.65,-0.007195180160991757,258455,583761034.3386351,,,,,,,,,,,50.77616695013633,-4.700689465301213,0.06634913308192719,,,,,,
2026-05-14,ETHUSDT,2264.84,0.0027368265934950434,7962,18033675.258,,,,,,,,,,,50.98524153875103,-5.738162696041675,0.06733909272537585,,,,,,
2026-05-15,ETHUSDT,2216.76,-0.02145744588685277,3965085,8789643382.98228,,,,,,,,,,,39.67535017672471,-8.504695470033976,0.07508576783873971,,,,,,
2026-05-16,ETHUSDT,2182.03,-0.015791034205782685,2337290,5100038092.27041,,,,,,,,,,,32.93367734102297,-11.50902746392482,0.08490282969991879,,,,,,
2026-05-05,FILUSDT,0.974,-7.714354890492365,86473260,84224955.727,,,,,,,,,,,,,,,,,,,
2026-05-06,FILUSDT,1.114,0.13430111684469426,546599525,608911870.85,,,,,,,,,,,,,,,,,,,
2026-05-07,FILUSDT,1.098,-0.014466798417753376,258744599,284101570.4706,,,,,,,,,,,,,,,,,,,
2026-05-08,FILUSDT,1.285,0.15726837525984416,339917219,436793627.3145,,,,,,,,,,,,,,,,,,,
2026-05-09,FILUSDT,1.199,-0.06927084230180579,188718691,226273711.3483,,,,,,,,,,,76.22377622377624,,0.41105962026892356,,,,,,
2026-05-10,FILUSDT,1.146,-0.04521025775282948,168862733,193516692.70559996,,,,,,,,,,,67.84232365145228,,0.3674207618883475,,,,,,
2026-05-11,FILUSDT,1.144,-0.0017467253349416486,36571567,41837872.8768,,,,,,,,,,,67.56198347107437,,0.3352394094473252,,,,,,
2026-05-12,FILUSDT,1.091,-0.0474361861066723,121778754,132860620.94129999,,,,,,,,,,,60.893854748603346,,0.31724106855319656,,,,,,
2026-05-13,FILUSDT,1.041,-0.04691291721810196,112565067,117180234.85109998,,,,,,,,,,,55.70698466780239,,0.31810983603750553,,,,,,
2026-05-14,FILUSDT,1.058,0.016198543803275945,89259192,94436225.136,,,,,,,,,,,56.95364238410596,,0.3100597730774083,,,,,,
2026-05-15,FILUSDT,1.003,-0.053384824456309335,114345019,114688054.4582,,,,,,,,,,,52.20030349013656,,0.32105050581761396,,,,,,
2026-05-16,FILUSDT,0.974,-0.029339484319400384,80522632,78429043.86019999,,,,,,,,,,,50.0,-0.004217499454309517,0.33859724174668093,,,,,,
2026-04-26,LINKUSDT,9.48,2.2755282916065327,1246448,11816334.624000002,,,,,,,,,,,,,,,,,,,
2026-04-27,LINKUSDT,9.33,-0.015949301407678064,1926098,17970498.3519,,,,,,,,,,,,,,,,,,,
2026-04-28,LINKUSDT,9.24,-0.00969312920565968,1122921,10375793.736,,,,,,,,,,,,,,,,,,,
2026-04-29,LINKUSDT,9.11,-0.01416917438172589,1885066,17172958.183599997,,,,,,,,,,,,,,,,,,,
2026-04-30,LINKUSDT,9.11,0.0,1204783,10975575.2253,,,,,,,,,,,0.0,,0.06783638590051257,,,,,,
2026-05-01,LINKUSDT,9.1,-0.0010982977490625657,1306158,11886038.072999999,,,,,,,,,,,0.0,,0.06666739620789909,,,,,,
2026-05-02,LINKUSDT,9.17,0.007662872745569097,1264435,11594869.2251,,,,,,,,,,,15.555555555555586,,0.06166017528655998,,,,,,
2026-05-03,LINKUSDT,9.13,-0.004371591661496325,1338148,12217297.5397,,,,,,,,,,,14.285714285714334,,0.05880340295147235,,,,,,
2026-05-04,LINKUSDT,9.36,0.02487959588262347,6132997,57404858.7528,,,,,,,,,,,41.66666666666658,,0.059096851644738636,,,,,,
2026-05-05,LINKUSDT,9.76,0.041847109935500504,3715634,36264588.4256,,,,,,,,,,,62.49999999999998,,0.09152394116641413,,,,,,
2026-05-06,LINKUSDT,9.99,0.02329219223546107,4810816,48060061.23060001,,,,,,,,,,,68.88888888888889,,0.1259261738328062,,,,,,
2026-05-07,LINKUSDT,9.85,-0.014113137476464655,2649305,26095658.0915,,,,,,,,,,,62.41610738255031,0.017782344787568523,0.13478598059080105,,,,,,
2026-05-08,LINKUSDT,10.34,0.048548413896285635,4564781,47199844.9494,,,,,,,,,,,71.7171717171717,0.037058555751953506,0.1700559726958072,,,,,,
2026-05-09,LINKUSDT,10.37,0.0028971531611527873,2407310,24963808.018399995,,,,,,,,,,,72.13930348258704,0.04636522555816337,0.19178563805905338,,,,,,
2026-05-10,LINKUSDT,10.72,0.033194133401220044,3089040,33114512.552000005,,,,,,,,,,,76.27118644067795,0.06354770926013333,0.22388366619248082,,,,,,
2026-05-11,LINKUSDT,10.6,-0.011257154524634558,3055981,32393399.66,,,,,,,,,,,77.25321888412014,0.06346612966130133,0.23832480613635074,,,,,,
2026-05-12,LINKUSDT,10.28,-0.030653741091002402,3241110,33318613.9868,,,,,,,,,,,70.31249999999997,0.043677753078584014,0.23794835197099845,,,,,,
2026-05-13,LINKUSDT,10.21,-0.006832627850444725,4519819,46147358.62650001,,,,,,,,,,,72.00000000000003,0.024827810128014077,0.2353715070598815,,,,,,
2026-05-14,LINKUSDT,10.23,0.001956947786960947,142213,1454847.9924,,,,,,,,,,,72.22222222222224,0.011725782538457519,0.2329099119137007,,,,,,
2026-05-15,LINKUSDT,10.036,-0.019145951459359333,13474763,135232730.60075998,,,,,,,,,,,67.3076923076923,-0.008216869812088107,0.2278118081884495,,,,,,
2026-05-16,LINKUSDT,9.758,-0.028091167110530404,10512558,102581541.4519,,,,,,,,,,,60.09615384615383,-0.03582592821916669,0.22577537254850596,,,,,,
2026-04-26,LTCUSDT,56.28,1.752251770852543,151412,8521480.81092,,,,,,,,,,,,,,,,,,,
2026-04-27,LTCUSDT,55.57,-0.012695744954358473,255326,14188511.99867,,,,,,,,,,,,,,,,,,,
2026-04-28,LTCUSDT,55.71,0.0025161767408943257,182047,10141839.205650002,,,,,,,,,,,,,,,,,,,
2026-04-29,LTCUSDT,55.32,-0.0070251572361666745,407969,22568887.01256,,,,,,,,,,,,,,,,,,,
2026-04-30,LTCUSDT,55.19,-0.002352729345147541,195777,10804947.75206,,,,,,,,,,,10.218978102189794,,0.030534400674564945,,,,,,
2026-05-01,LTCUSDT,55.4,0.003797816301828264,249857,13842096.912999999,,,,,,,,,,,22.151898734177237,,0.028042336604571925,,,,,,
2026-05-02,LTCUSDT,55.39,-0.00018052170822559585,166093,9199916.36167,,,,,,,,,,,22.012578616352243,,0.026119284280663256,,,,,,
2026-05-03,LTCUSDT,55.29,-0.0018070116951709476,155415,8592924.432540001,,,,,,,,,,,20.710059171597663,,0.025095662084543374,,,,,,
2026-05-04,LTCUSDT,54.96,-0.005986412435747725,427752,23509285.47912,,,,,,,,,,,17.326732673267372,,0.027069775567415195,,,,,,
2026-05-05,LTCUSDT,56.34,0.024799114534132725,348454,19631930.24844,,,,,,,,,,,50.88235294117651,,0.03246433822813139,,,,,,
2026-05-06,LTCUSDT,56.73,0.006898408890249054,382538,21701428.336469997,,,,,,,,,,,55.936675461741366,,0.04005415459976507,,,,,,
2026-05-07,LTCUSDT,56.42,-0.005479465764625484,307147,17329274.81376,,,,,,,,,,,51.707317073170735,0.033642470154271444,0.041327884460848965,,,,,,
2026-05-08,LTCUSDT,58.32,0.033121382126552495,336466,19622714.20776,,,,,,,,,,,67.00000000000001,0.10648280598087245,0.06497880292942487,,,,,,
2026-05-09,LTCUSDT,58.0,-0.005502077153983422,242074,14040332.02,,,,,,,,,,,63.607594936708864,0.1267482281537048,0.07385416222539196,,,,,,
2026-05-10,LTCUSDT,60.43,0.04104265982704775,343635,20765880.39341,,,,,,,,,,,73.71428571428572,0.23540709234379242,0.10681525314582258,,,,,,
2026-05-11,LTCUSDT,58.52,-0.03211709422154357,329617,19289193.8624,,,,,,,,,,,64.8241206030151,0.1958909762464942,0.1098381885204905,,,,,,
2026-05-12,LTCUSDT,58.12,-0.0068587374498415375,304201,17680211.75448,,,,,,,,,,,61.80215475024485,0.1406842734238105,0.10977826153512615,,,,,,
2026-05-13,LTCUSDT,57.01,-0.01928314765859163,350780,19998011.81172,,,,,,,,,,,57.73101555352242,0.0432740960430148,0.10668853901835042,,,,,,
2026-05-14,LTCUSDT,57.19,0.0031523668837342457,7058,403660.74559999997,,,,,,,,,,,59.10746812386157,-0.01179008246720481,0.10405039432612019,,,,,,
2026-05-15,LTCUSDT,57.17,-0.0003497726513448403,1185645,67783329.7953,,,,,,,,,,,58.20203892493052,-0.048870012929557394,0.1015710096176011,,,,,,
2026-05-16,LTCUSDT,56.12,-0.018537030041619773,983154,55174618.418079995,,,,,,,,,,,53.08537616229922,-0.12667667779720443,0.1017768693271011,,,,,,
2026-05-05,NEARUSDT,1.295,-3.7689815600827594,49468854,64062165.93,,,,,,,,,,,,,,,,,,,
2026-05-06,NEARUSDT,1.488,0.13892224125939903,198418310,295246445.28,,,,,,,,,,,,,,,,,,,
2026-05-07,NEARUSDT,1.47,-0.012170535620255179,105901016,155674493.52,,,,,,,,,,,,,,,,,,,
2026-05-08,NEARUSDT,1.596,0.08223809823697222,108380496,172975271.616,,,,,,,,,,,,,,,,,,,
2026-05-09,NEARUSDT,1.566,-0.01897590145900569,63881702,100038745.332,,,,,,,,,,,86.92098092643052,,0.31684192821293106,,,,,,
2026-05-10,NEARUSDT,1.563,-0.0019175461292719287,68676428,107341256.964,,,,,,,,,,,86.21621621621618,,0.2941234041482561,,,,,,
2026-05-11,NEARUSDT,1.533,-0.01938045154966246,16986729,26040655.557,,,,,,,,,,,79.74999999999997,,0.27009502681768005,,,,,,
2026-05-12,NEARUSDT,1.607,0.047142486865698566,127622922,205090035.65399998,,,,,,,,,,,82.91139240506327,,0.26671161209749517,,,,,,
2026-05-13,NEARUSDT,1.568,-0.024568164827159424,117213091,183790126.688,,,,,,,,,,,76.60818713450291,,0.2528630955275461,,,,,,
2026-05-14,NEARUSDT,1.58,0.007623925110659366,74003963,116926261.54,,,,,,,,,,,77.14285714285714,,0.24251048947200185,,,,,,
2026-05-15,NEARUSDT,1.535,-0.028894465999715003,60962580,93577560.3,,,,,,,,,,,71.05263157894734,,0.23004626641953868,,,,,,
2026-05-16,NEARUSDT,1.493,-0.027742862482107018,46038816,68735952.288,,,,,,,,,,,66.1764705882353,-0.003145359319729639,0.2212885621801326,,,,,,
2026-04-26,SOLUSDT,86.93,4.064315678533919,1453501,126352881.22236001,,,,,,,,,,,,,,,,,,,
2026-04-27,SOLUSDT,84.82,-0.024571833044528448,3009101,255232005.43061998,,,,,,,,,,,,,,,,,,,
2026-04-28,SOLUSDT,84.06,-0.009000534469473919,1664394,139908996.87858,,,,,,,,,,,,,,,,,,,
2026-04-29,SOLUSDT,83.04,-0.01220841015939207,2576063,213916321.01184002,,,,,,,,,,,,,,,,,,,
2026-04-30,SOLUSDT,83.09,0.000601938259311541,1372591,114048636.95799,,,,,,,,,,,1.269035532994863,,0.0759063499911409,,,,,,
2026-05-01,SOLUSDT,83.76,0.008031208885391553,1798067,150606172.24584,,,,,,,,,,,15.618221258134469,,0.06905739162901235,,,,,,
2026-05-02,SOLUSDT,84.26,0.005951689988589141,1027759,86599015.38574,,,,,,,,,,,23.874755381604686,,0.06304436804686105,,,,,,
2026-05-03,SOLUSDT,83.91,-0.004162460668892492,1268647,106452213.57102,,,,,,,,,,,22.344322344322293,,0.05872924631241971,,,,,,
2026-05-04,SOLUSDT,84.1,0.0022617710969242387,3469307,291768737.03379995,,,,,,,,,,,24.955752212389285,,0.054986660324718724,,,,,,
2026-05-05,SOLUSDT,86.29,0.02570714954131399,2478888,213903256.39254004,,,,,,,,,,,45.91836734693878,,0.0603100286469171,,,,,,
2026-05-06,SOLUSDT,89.16,0.03271879199745179,3483256,310567107.63479996,,,,,,,,,,,60.410830999066235,,0.08813339617075791,,,,,,
2026-05-07,SOLUSDT,88.42,-0.008334320119570932,2892180,255726599.89842,,,,,,,,,,,56.50655021834059,0.1428700056065237,0.09668186353658537,,,,,,
2026-05-08,SOLUSDT,92.01,0.03979907839617271,2644434,243314451.37659004,,,,,,,,,,,66.88829787234042,0.29048008534598907,0.1278485796016031,,,,,,
2026-05-09,SOLUSDT,93.13,0.012099099739296501,1974272,183864016.17848,,,,,,,,,,,69.18316831683165,0.39894779612865083,0.1530838259958602,,,,,,
2026-05-10,SOLUSDT,96.47,0.03523571264889587,2559168,246883032.94765002,,,,,,,,,,,74.46153846153844,0.5784813144683749,0.1904771732751212,,,,,,
2026-05-11,SOLUSDT,97.37,0.009286075808202584,3078049,299709725.09205,,,,,,,,,,,84.3083652269,0.6834265779009958,0.21833117688961898,,,,,,
2026-05-12,SOLUSDT,94.28,-0.03224907692273448,2810037,264930322.20652002,,,,,,,,,,,74.78176527643065,0.5525529201140786,0.22315283033950123,,,,,,
2026-05-13,SOLUSDT,91.17,-0.03354318247111895,3192571,291066771.18834,,,,,,,,,,,67.89960369881109,0.28322967150563083,0.21878431520259964,,,,,,
2026-05-14,SOLUSDT,91.14,-0.00032910976107494803,104873,9558130.961819999,,,,,,,,,,,67.73909211106212,0.09339394465296813,0.2145376974854079,,,,,,
2026-05-15,SOLUSDT,89.01,-0.023648062864896312,21108387,1878857545.5621002,,,,,,,,,,,60.869565217391305,-0.14703255395491777,0.20885910738617763,,,,,,
2026-05-16,SOLUSDT,86.55,-0.028026441348622016,15535100,1344562982.0295,,,,,,,,,,,54.38529299119109,-0.42489665672525545,0.20921254823945817,,,,,,
2026-05-05,UNIUSDT,3.356,-3.2499724930172587,11726968,39355704.607999995,,,,,,,,,,,,,,,,,,,
2026-05-06,UNIUSDT,3.472,0.03398100819314408,17709024,61485731.328,,,,,,,,,,,,,,,,,,,
2026-05-07,UNIUSDT,3.432,-0.011587615172387895,14494116,49743806.111999996,,,,,,,,,,,,,,,,,,,
2026-05-08,UNIUSDT,3.709,0.07761911688173796,26406840,97942969.56,,,,,,,,,,,,,,,,,,,
2026-05-09,UNIUSDT,3.807,0.026079178892906466,21438341,81615764.18699999,,,,,,,,,,,92.46704331450094,,0.21703213283015665,,,,,,
2026-05-10,UNIUSDT,3.991,0.04720034866623667,64664794,258077192.854,,,,,,,,,,,94.4055944055944,,0.2732576960076255,,,,,,
2026-05-11,UNIUSDT,3.95,-0.010326247153566264,7213015,28491409.25,,,,,,,,,,,89.28571428571429,,0.27973611908052537,,,,,,
2026-05-12,UNIUSDT,3.763,-0.0484990673017304,16677366,62756928.258,,,,,,,,,,,71.58006362672322,,0.26045873902870664,,,,,,
2026-05-13,UNIUSDT,3.61,-0.041508739266510664,15953608,57592524.879999995,,,,,,,,,,,61.58759124087591,,0.24569911640256462,,,,,,
2026-05-14,UNIUSDT,3.759,0.0404451922372515,13408012,50400717.107999995,,,,,,,,,,,66.18473895582329,,0.2328513188328293,,,,,,
2026-05-15,UNIUSDT,3.587,-0.0468367660318953,14517117,52072898.679000005,,,,,,,,,,,58.15102328863798,,0.22375435331103327,,,,,,
2026-05-16,UNIUSDT,3.502,-0.023981964686485554,10377166,36340835.331999995,,,,,,,,,,,54.86018641810919,-0.009988485076907111,0.2211036269639437,,,,,,
2026-04-26,XRPUSDT,1.4307,-0.8951703988735087,30024367,42955862.86839,,,,,,,,,,,,,,,,,,,
2026-04-27,XRPUSDT,1.4007,-0.021191723327287346,73155298,102468626.04867,,,,,,,,,,,,,,,,,,,
2026-04-28,XRPUSDT,1.3805,-0.01452635927479191,53234245,73489875.7747,,,,,,,,,,,,,,,,,,,
2026-04-29,XRPUSDT,1.3691,-0.008292162730498884,74194879,101580209.93417999,,,,,,,,,,,,,,,,,,,
2026-04-30,XRPUSDT,1.3679,-0.0008768725443117031,51110389,69913901.24989,,,,,,,,,,,0.0,,0.07596100561543954,,,,,,
2026-05-01,XRPUSDT,1.3858,0.01300087309788237,60188179,83408778.4582,,,,,,,,,,,22.180916976455975,,0.06813486388894463,,,,,,
2026-05-02,XRPUSDT,1.3937,0.0056844909321830265,33030264,46034279.07617,,,,,,,,,,,29.11963882618508,,0.06236864994709554,,,,,,
2026-05-03,XRPUSDT,1.388,-0.004098219058714083,29246836,40594609.4784,,,,,,,,,,,27.359490986214183,,0.05777948505479052,,,,,,
2026-05-04,XRPUSDT,1.3918,0.0027340113439999697,83200664,115798685.12945999,,,,,,,,,,,30.173292558613653,,0.05408113287022726,,,,,,
2026-05-05,XRPUSDT,1.4126,0.01483410456407225,67575818,95457600.78932,,,,,,,,,,,42.38856181665267,,0.054958957945192136,,,,,,
2026-05-06,XRPUSDT,1.4249,0.00866965782692123,97195264,138493532.95601,,,,,,,,,,,47.78963414634146,,0.05926095634008064,,,,,,
2026-05-07,XRPUSDT,1.3869,-0.027030595139453696,82830386,114877463.03685,,,,,,,,,,,37.0567375886525,-0.0001222107621999867,0.05693346612282208,,,,,,
2026-05-08,XRPUSDT,1.4182,0.022317421207606682,66521203,94340370.66187999,,,,,,,,,,,46.882793017456315,0.0006207345173746186,0.05763361026785107,,,,,,
2026-05-09,XRPUSDT,1.4205,0.0016204604243464963,57792561,82094333.32665001,,,,,,,,,,,47.48520710059172,0.0010652626415028664,0.05833867444239243,,,,,,
2026-05-10,XRPUSDT,1.4734,0.036563732954470615,156095312,229990832.99548,,,,,,,,,,,58.349628470864275,0.003526022767406803,0.07888347838308113,,,,,,
2026-05-11,XRPUSDT,1.4776,0.002846494636317063,118423276,174982233.3564,,,,,,,,,,,66.72466289691167,0.004894895620906214,0.09262539238992551,,,,,,
2026-05-12,XRPUSDT,1.437,-0.02786154280600522,105554013,151681117.3995,,,,,,,,,,,61.28645625249698,0.003468145358269479,0.09182531659804107,,,,,,
2026-05-13,XRPUSDT,1.4273,-0.00677305944330215,125717367,179436398.06182998,,,,,,,,,,,61.705551086082046,0.0019098903305479215,0.08982395560452423,,,,,,
2026-05-14,XRPUSDT,1.4322,0.0034271759371165673,5976294,8559248.55324,,,,,,,,,,,62.742766547760596,0.0010554259604203132,0.08836957085766414,,,,,,
2026-05-15,XRPUSDT,1.4296,-0.0018170387276210617,694738368,993197972.1794399,,,,,,,,,,,59.24050632911393,0.0002830545761646772,0.08671706906024773,,,,,,
2026-05-16,XRPUSDT,1.4149,-0.01033582764331163,390807435,552953439.9229901,,,,,,,,,,,54.347826086956545,-0.0010333315824454913,0.08593241373125503,,,,,,
